userid,username,dept,usersalary
1,Thomasa,Human Resources,2012
2,Aili,Marketing,2008
3,Sarita,Marketing,2004
4,Sloane,Product Management,1998
5,Aurelie,Product Management,1995
6,Urson,Services,2005
7,Valery,Product Management,2005
8,Bourke,Marketing,2003
9,Emalia,Human Resources,1985
10,Niven,Training,2000
11,Analiese,Human Resources,1991
12,Halley,Sales,1991
13,Lammond,Support,2005
14,Gui,Product Management,2005
15,Con,Training,2004
16,Stacie,Human Resources,1967
17,Dale,Engineering,2004
18,Val,Support,2009
19,Blondelle,Support,1995
20,Elisha,Sales,2004
21,Val,Services,2010
22,Franzen,Legal,1993
23,Charlene,Research and Development,1994
24,Anabel,Sales,2000
25,Evangelia,Training,2011
26,Auria,Services,2003
27,Idalia,Legal,1977
28,Ivar,Legal,2008
29,Edie,Accounting,2006
30,Rachel,Product Management,2010
31,Ronny,Training,1965
32,Giuditta,Research and Development,2001
33,Aubrey,Training,2001
34,Rose,Research and Development,1997
35,Olympia,Accounting,2000
36,Dulcinea,Product Management,1990
37,Pattie,Business Development,2011
38,Buckie,Legal,2008
39,Erena,Marketing,1997
40,Emera,Sales,2005
41,Glyn,Training,1985
42,Findley,Accounting,1993
43,Louisette,Support,2011
44,Karine,Marketing,1995
45,Consuela,Human Resources,2010
46,Lena,Product Management,1987
47,Brnaba,Business Development,1986
48,Beryle,Support,2006
49,Goldi,Legal,1991
50,Gris,Sales,2007
51,Vikki,Research and Development,2008
52,Husein,Business Development,2009
53,Verene,Human Resources,2000
54,Cirstoforo,Training,1993
55,Charlene,Services,2012
56,Elora,Sales,2008
57,Archibaldo,Product Management,2006
58,Corbett,Accounting,1984
59,Rich,Marketing,1997
60,Matthieu,Marketing,2002
61,Angelia,Support,2013
62,Lesly,Legal,1997
63,Nickolas,Product Management,2011
64,Elden,Sales,2012
65,Riley,Marketing,2011
66,Ira,Training,1997
67,Giacopo,Support,2010
68,Melinda,Marketing,2009
69,Myriam,Human Resources,1997
70,Kenton,Marketing,1974
71,Kennett,Services,2010
72,Tedda,Human Resources,1986
73,Cody,Business Development,2011
74,Nester,Services,1992
75,Shea,Services,2012
76,Faina,Services,1999
77,Pall,Services,1999
78,Ginger,Marketing,2009
79,Kristoforo,Human Resources,2008
80,Fernandina,Research and Development,2002
81,Glen,Human Resources,2005
82,Pace,Product Management,2001
83,Adella,Legal,2003
84,Bryan,Training,2007
85,Darby,Legal,1995
86,Chane,Legal,2007
87,Agustin,Accounting,2004
88,Pet,Marketing,2002
89,Porter,Support,2004
90,Carmine,Accounting,1983
91,Jocelyne,Training,2008
92,Thorvald,Business Development,1995
93,Amalita,Sales,2003
94,Devonne,Human Resources,2011
95,Ebeneser,Support,1988
96,Suzi,Marketing,1992
97,Alaster,Research and Development,1992
98,Zena,Services,1986
99,Wilmer,Accounting,2011
100,Almeda,Research and Development,1987
101,Iseabal,Research and Development,1993
102,Damien,Engineering,2011
103,Stirling,Marketing,2009
104,Adolphe,Legal,2004
105,Kyla,Marketing,1993
106,Hobard,Services,1993
107,Renae,Services,1993
108,Ava,Training,1965
109,Aliza,Research and Development,2011
110,Belle,Training,1994
111,Thorsten,Business Development,2004
112,Boy,Services,2004
113,Nappie,Marketing,2009
114,Dyna,Research and Development,2012
115,Dar,Legal,2002
116,Harris,Human Resources,1994
117,Shannon,Human Resources,1998
118,Konstanze,Human Resources,2011
119,Nicolai,Sales,1994
120,Zachary,Legal,2012
121,Helenka,Human Resources,2000
122,Allison,Accounting,2012
123,Orelle,Marketing,2010
124,Conrad,Services,2000
125,Micky,Sales,1992
126,Dyna,Business Development,1986
127,Gerrie,Research and Development,2010
128,Wynn,Legal,1987
129,Jocelyn,Business Development,2004
130,Nappie,Engineering,1993
131,Amalia,Support,1999
132,Brigit,Support,2000
133,Bel,Services,2008
134,Judas,Legal,1994
135,Roderich,Product Management,1997
136,Clyde,Support,1993
137,Hobie,Engineering,2010
138,Jeramey,Product Management,1993
139,Salomo,Human Resources,1992
140,Johnette,Product Management,2005
141,Simonette,Research and Development,2000
142,Clare,Marketing,2000
143,Sauveur,Human Resources,2009
144,Milly,Accounting,1999
145,Tarah,Accounting,1992
146,Odelle,Sales,1987
147,Jacquelin,Human Resources,1992
148,Dee,Services,1990
149,Allix,Research and Development,2001
150,Lorelei,Services,2011
151,Jeremie,Legal,1996
152,Reinwald,Services,2006
153,Lela,Support,2002
154,Darbie,Support,2006
155,Romeo,Business Development,1996
156,Ginger,Sales,1996
157,Lazaro,Marketing,1992
158,Byran,Engineering,1987
159,Nowell,Research and Development,2012
160,Tiffy,Human Resources,1988
161,Clarance,Support,1987
162,Kimberlyn,Support,1992
163,Kellen,Support,1985
164,Basil,Engineering,1992
165,Gisela,Engineering,2006
166,Henka,Human Resources,2003
167,Halette,Marketing,1997
168,Norrie,Marketing,2006
169,Sam,Marketing,1995
170,Anstice,Legal,1990
171,Dex,Legal,1995
172,Tonia,Engineering,1965
173,Wenonah,Support,2000
174,Karalee,Marketing,2008
175,Trude,Sales,2009
176,Amalie,Product Management,2004
177,Giulia,Marketing,2012
178,Saraann,Services,2005
179,Tatiania,Legal,1998
180,Jenn,Research and Development,2002
181,Hobart,Accounting,1995
182,Candida,Engineering,2008
183,Camellia,Training,1995
184,Ebony,Support,2002
185,Troy,Marketing,1991
186,Elvina,Research and Development,1992
187,Sherwin,Human Resources,2006
188,Filide,Product Management,1999
189,Rebecka,Accounting,1995
190,Roxanne,Engineering,1989
191,Kaia,Research and Development,2000
192,Waite,Human Resources,2012
193,Kahaleel,Human Resources,2002
194,Gunilla,Training,1989
195,Althea,Product Management,1993
196,Michaeline,Training,1998
197,Georgi,Training,2012
198,Lukas,Business Development,2003
199,Janna,Human Resources,1998
200,Vivi,Human Resources,2001
201,Kristian,Research and Development,2001
202,Willis,Research and Development,1986
203,Arielle,Services,2008
204,Rolf,Business Development,1992
205,Arden,Marketing,2012
206,Zorine,Product Management,1995
207,Brander,Sales,2012
208,Ianthe,Training,2012
209,Raven,Sales,2002
210,Gothart,Research and Development,2002
211,Kalle,Sales,1992
212,Barbara-anne,Support,2007
213,Shanan,Accounting,2003
214,Chloris,Engineering,2005
215,Aviva,Services,2000
216,Joyous,Legal,1998
217,Berri,Engineering,2001
218,Lucinda,Marketing,2011
219,Peta,Research and Development,1991
220,Terencio,Research and Development,2000
221,Yanaton,Accounting,2001
222,Danit,Services,1996
223,Ambros,Research and Development,1986
224,Tallie,Research and Development,2006
225,Jordan,Marketing,1997
226,Chrisse,Legal,2007
227,Norry,Research and Development,2010
228,Elke,Engineering,1994
229,Riva,Marketing,2000
230,Itch,Research and Development,1997
231,Garvy,Business Development,1985
232,Garvey,Legal,2004
233,Rhoda,Training,2007
234,Conni,Training,1998
235,Mace,Human Resources,2006
236,Noll,Services,1991
237,Sofia,Sales,2000
238,Dorie,Services,2012
239,Winnie,Research and Development,1994
240,Herta,Marketing,2004
241,Aloisia,Services,2004
242,Laryssa,Product Management,2004
243,Meier,Research and Development,2012
244,Alanna,Engineering,2000
245,Benedikta,Training,1998
246,Whitney,Support,2002
247,Gwenneth,Business Development,2006
248,Binky,Services,2006
249,Anestassia,Accounting,2005
250,Deerdre,Support,2002
251,Irina,Engineering,1992
252,Lukas,Accounting,2010
253,Corty,Services,2000
254,Aimil,Product Management,1994
255,Laurent,Engineering,2011
256,Maryann,Business Development,1997
257,Ewan,Product Management,1991
258,Elva,Training,1999
259,Jodi,Training,2002
260,Adey,Business Development,2002
261,Darcie,Human Resources,2006
262,Roseanne,Accounting,1997
263,Jeremias,Marketing,2001
264,Willis,Business Development,2009
265,Feodor,Business Development,2000
266,Hilliard,Accounting,1993
267,Meir,Product Management,2011
268,Marja,Training,2009
269,Raoul,Research and Development,2008
270,Thea,Support,2000
271,Loralyn,Sales,1991
272,Roby,Sales,2010
273,Isidoro,Research and Development,2012
274,Consolata,Product Management,2005
275,Reeva,Services,2011
276,Caspar,Accounting,2006
277,Gawain,Sales,2008
278,Trev,Product Management,1992
279,Marline,Product Management,1995
280,Jada,Support,1985
281,Arlene,Services,1994
282,Jean,Marketing,2006
283,Happy,Accounting,1999
284,Travus,Research and Development,2003
285,Salvatore,Services,1992
286,Willetta,Training,1993
287,Sammy,Product Management,2003
288,Bentlee,Product Management,1985
289,Sheffy,Training,1998
290,Jeanne,Human Resources,1994
291,Staci,Engineering,1991
292,Josee,Services,2008
293,Marcelle,Human Resources,2004
294,Dillon,Engineering,1991
295,Perceval,Engineering,2012
296,Joela,Product Management,2003
297,Britteny,Marketing,1994
298,Orelle,Business Development,2000
299,Moore,Accounting,2003
300,Kirby,Product Management,2005
301,Kellen,Sales,2004
302,Tom,Support,1999
303,Sonni,Legal,1993
304,Kahaleel,Legal,1997
305,Hewitt,Accounting,1993
306,Margaretta,Human Resources,2010
307,Kleon,Business Development,1999
308,Tyson,Training,1950
309,Doroteya,Product Management,2012
310,Damiano,Engineering,1992
311,Nester,Sales,2008
312,Monty,Accounting,1994
313,Margalit,Training,2012
314,Calida,Support,1990
315,Phaidra,Engineering,2007
316,Charlena,Training,1997
317,Dolli,Engineering,2002
318,Shannon,Product Management,2011
319,Federico,Legal,2007
320,Clemmie,Accounting,2007
321,Felisha,Training,2011
322,Marilin,Engineering,2008
323,Marcile,Accounting,2005
324,Allis,Services,2007
325,Bonnie,Business Development,2010
326,Gisella,Engineering,1997
327,Jose,Research and Development,1995
328,Claudina,Research and Development,2004
329,Warner,Human Resources,2012
330,Giulia,Human Resources,1993
331,Toddie,Accounting,2008
332,Waverly,Accounting,2001
333,Teodora,Engineering,1993
334,Rolando,Business Development,1994
335,Rockey,Services,1990
336,Fernando,Training,1987
337,Allis,Human Resources,2010
338,Corrie,Support,2007
339,Daisie,Marketing,2005
340,Rayshell,Legal,2002
341,Farr,Legal,2012
342,Patrizius,Legal,1993
343,Rosco,Engineering,2002
344,Jerry,Business Development,2002
345,Teresina,Legal,1994
346,Anallese,Business Development,2004
347,Janeva,Business Development,1996
348,Marysa,Services,1998
349,Timothy,Training,2006
350,Oran,Training,2004
351,Tyrone,Engineering,1995
352,Delphinia,Human Resources,2010
353,Chane,Engineering,1996
354,Steffen,Accounting,2000
355,Lucy,Accounting,2006
356,Lowrance,Legal,2002
357,Kiel,Training,2003
358,Ezechiel,Sales,2003
359,Aland,Engineering,1990
360,Morley,Product Management,2002
361,Cathee,Services,2009
362,Aidan,Legal,2001
363,Darwin,Engineering,1997
364,Mort,Support,2010
365,Elden,Support,2010
366,Raynor,Engineering,2010
367,Alyson,Human Resources,2006
368,Betteanne,Research and Development,1997
369,Augustin,Training,1997
370,Spencer,Training,1996
371,Charis,Training,1989
372,Lind,Accounting,1998
373,Dinny,Business Development,2009
374,Tadd,Sales,2002
375,Bruis,Sales,2008
376,Normy,Legal,2004
377,Salmon,Legal,1989
378,Carmon,Support,1998
379,Reade,Human Resources,1986
380,Kenon,Accounting,2001
381,Pearce,Human Resources,2000
382,Benedicta,Services,1994
383,Orelee,Training,1992
384,Vanny,Human Resources,1994
385,Jock,Sales,2007
386,Carmella,Research and Development,1988
387,Aubrey,Engineering,2005
388,Daniela,Services,2005
389,Mercedes,Legal,2006
390,Hilarius,Marketing,1993
391,James,Engineering,2009
392,Peria,Marketing,2004
393,Trix,Services,2007
394,Redd,Product Management,2004
395,Dollie,Human Resources,1992
396,Flemming,Sales,1992
397,Lurette,Support,2010
398,Milty,Support,1997
399,Lisette,Sales,1995
400,Bernie,Legal,2012
401,Cassandry,Product Management,2004
402,Boothe,Training,2012
403,Debbie,Business Development,2008
404,Ailey,Training,1996
405,Gloriana,Business Development,1995
406,Gina,Legal,2004
407,Gabriel,Product Management,2009
408,Maris,Accounting,1995
409,Kyle,Sales,2001
410,Philbert,Business Development,1999
411,Marissa,Legal,2002
412,Karol,Services,1993
413,Woody,Support,1994
414,Rodolphe,Training,1992
415,Brenna,Sales,2002
416,Norbie,Services,1987
417,Franciska,Engineering,1988
418,Erhart,Services,2006
419,Aldous,Legal,1987
420,Sibeal,Legal,2005
421,Frieda,Human Resources,1995
422,Bradney,Sales,1990
423,Alison,Product Management,2006
424,Davey,Product Management,2003
425,Mateo,Marketing,2000
426,Karoline,Accounting,2012
427,Bennett,Training,2005
428,Jodie,Services,2013
429,Reinhard,Legal,2003
430,Derward,Marketing,1998
431,Irvine,Support,2001
432,Elberta,Human Resources,1997
433,Goldina,Product Management,1993
434,Amil,Training,1984
435,Jaime,Product Management,2007
436,Sheila-kathryn,Services,1994
437,Brandyn,Research and Development,1997
438,Starlin,Sales,2004
439,Verena,Legal,1999
440,Minetta,Engineering,2012
441,Yalonda,Sales,1999
442,Abba,Marketing,1994
443,Cornelle,Human Resources,2012
444,Klaus,Research and Development,2011
445,Basia,Human Resources,1996
446,Curtice,Legal,2009
447,Lacie,Accounting,1996
448,Erv,Marketing,2005
449,Sharon,Research and Development,1991
450,Ruperta,Product Management,2009
451,Corliss,Support,1994
452,Casandra,Marketing,2008
453,Jayme,Support,2003
454,Miof mela,Support,2008
455,Huberto,Human Resources,1992
456,Bert,Product Management,2000
457,Verna,Marketing,2005
458,Richart,Business Development,1992
459,Verne,Product Management,1992
460,Anallise,Engineering,2002
461,Clare,Support,1996
462,Casandra,Research and Development,2004
463,Brandi,Services,2012
464,Lorinda,Training,2005
465,Ellary,Human Resources,1987
466,Ruthie,Marketing,2012
467,Tabby,Support,2008
468,Kamilah,Support,1991
469,Stafani,Accounting,2005
470,Curran,Marketing,2007
471,Klement,Human Resources,1999
472,Della,Research and Development,2000
473,Diane,Services,2000
474,Darnall,Human Resources,2011
475,Sybyl,Support,1995
476,Harlan,Marketing,2001
477,Odele,Services,2005
478,Myrtie,Legal,1997
479,Kelbee,Training,2005
480,Louisa,Business Development,1991
481,Sinclair,Services,2006
482,Ettie,Accounting,1999
483,Ignatius,Engineering,2002
484,Erda,Sales,1993
485,Hedvig,Human Resources,2008
486,Dru,Engineering,2008
487,Charmion,Engineering,2006
488,Thoma,Research and Development,2009
489,Adina,Business Development,2006
490,Gabbie,Human Resources,2006
491,Christa,Product Management,2006
492,Austina,Marketing,1995
493,Nobe,Business Development,1998
494,Fionna,Sales,1997
495,Alonzo,Product Management,2010
496,Otho,Services,2004
497,Tanny,Business Development,1981
498,Ashley,Services,1996
499,Augustina,Product Management,2004
500,Lucinda,Services,2005
501,Raff,Training,1993
502,Rebekah,Support,2008
503,Salomone,Engineering,2005
504,Jervis,Marketing,2005
505,Iggy,Support,1996
506,Tammy,Engineering,1996
507,Mab,Business Development,1997
508,Tally,Engineering,2005
509,Oby,Business Development,1992
510,Marina,Sales,2009
511,Ahmed,Support,2006
512,Thia,Services,1992
513,Berny,Legal,1989
514,Bonnie,Sales,1950
515,Delmar,Accounting,1998
516,Joshia,Marketing,2004
517,Giorgio,Training,2000
518,Shaylynn,Training,1987
519,Marchelle,Sales,1973
520,Cale,Research and Development,2007
521,Duane,Services,1992
522,Valli,Research and Development,2000
523,Charin,Product Management,1996
524,Andreana,Sales,1967
525,Lisha,Human Resources,2006
526,Lombard,Research and Development,1994
527,Stacie,Support,2006
528,Kelsey,Research and Development,1997
529,Christal,Support,2012
530,Sibley,Accounting,1994
531,Druci,Engineering,1986
532,Currey,Product Management,2001
533,Rubi,Services,1995
534,Kristine,Services,1988
535,Leonid,Engineering,1988
536,Grant,Marketing,1987
537,Earlie,Legal,1995
538,Moore,Sales,2009
539,Federica,Training,1997
540,Tabbatha,Services,1991
541,Luci,Marketing,1986
542,Melisse,Support,1999
543,Martelle,Product Management,2006
544,Terrie,Engineering,1993
545,Elenore,Legal,2003
546,Isis,Training,2005
547,Jerald,Engineering,2002
548,Coralie,Human Resources,2003
549,Kylie,Services,2011
550,Simone,Support,2008
551,Dennie,Sales,1966
552,Julina,Human Resources,2010
553,Alastair,Accounting,1993
554,Clark,Marketing,1989
555,Guthrie,Engineering,2006
556,Orran,Marketing,2011
557,Natalya,Support,1959
558,Seumas,Sales,2001
559,Ethan,Services,1964
560,Hilton,Legal,2011
561,Anastasia,Legal,1985
562,Alard,Human Resources,2011
563,Tabbi,Training,1985
564,Millie,Support,1994
565,Dayle,Legal,2006
566,Annamaria,Product Management,2003
567,Gerard,Business Development,2012
568,Piggy,Engineering,2007
569,Berkley,Support,1996
570,Angelina,Services,2009
571,Leanora,Product Management,2005
572,Lesya,Training,2004
573,Willabella,Support,2010
574,Benedick,Legal,2007
575,Ricca,Engineering,1998
576,Gerhard,Support,1992
577,Daffie,Marketing,1996
578,Shannon,Accounting,2004
579,Jamaal,Business Development,1987
580,Marwin,Product Management,1986
581,Lewie,Engineering,1995
582,Petr,Human Resources,1997
583,Eugenius,Support,2011
584,Danya,Accounting,2000
585,Tandie,Business Development,1991
586,Joyce,Training,2012
587,Jenine,Human Resources,2006
588,Parsifal,Business Development,2009
589,Dolph,Support,2005
590,Hendrika,Business Development,2012
591,Gabrielle,Product Management,2008
592,Trstram,Accounting,2007
593,Laurette,Services,1989
594,Fredek,Research and Development,2011
595,Abraham,Product Management,1998
596,Garry,Support,2008
597,Hymie,Engineering,1995
598,Alanna,Marketing,1987
599,Tami,Human Resources,2001
600,Kellyann,Product Management,2007
601,Kirstin,Human Resources,1998
602,Obed,Legal,2007
603,Leona,Support,1999
604,Leonardo,Product Management,1999
605,Latrena,Sales,1996
606,Tait,Engineering,2010
607,Joelynn,Services,2012
608,Zeb,Legal,1966
609,Willard,Legal,2005
610,Adrianna,Engineering,2009
611,Doretta,Human Resources,1990
612,Rebe,Sales,2009
613,Iormina,Business Development,2009
614,Alwin,Legal,1988
615,Lamond,Business Development,1987
616,Sawyer,Sales,2001
617,Nicolina,Human Resources,2008
618,Nora,Research and Development,2009
619,Charles,Services,1995
620,Krisha,Services,1991
621,Cosimo,Human Resources,2003
622,Ellene,Training,2013
623,Nert,Sales,1986
624,Elnar,Engineering,2006
625,Bertrand,Accounting,2006
626,Chevalier,Sales,1985
627,Kati,Support,1988
628,Gabbey,Engineering,2012
629,Cordy,Accounting,2006
630,Samuel,Accounting,2010
631,Lanna,Human Resources,1962
632,Emmett,Engineering,2000
633,Rubetta,Training,2010
634,Tobin,Legal,1994
635,Claudian,Human Resources,2007
636,Janina,Support,2005
637,Gavan,Research and Development,2006
638,Star,Research and Development,2000
639,Brigg,Marketing,2011
640,Chan,Research and Development,2009
641,Randall,Engineering,1987
642,Brandie,Product Management,2000
643,Valdemar,Human Resources,2007
644,Portie,Human Resources,2004
645,Coralyn,Engineering,2003
646,Feliks,Services,1993
647,Fabio,Business Development,2006
648,Tab,Services,2003
649,Milty,Legal,2006
650,Viola,Research and Development,2001
651,Clem,Marketing,2006
652,Friedrich,Engineering,2006
653,Pamelina,Engineering,2001
654,Cash,Training,2011
655,Andy,Engineering,1977
656,Cordelia,Business Development,1999
657,Artur,Training,2006
658,Ashlen,Engineering,1992
659,Enrika,Legal,1991
660,Megan,Support,2007
661,Barbee,Product Management,1993
662,Gery,Research and Development,2008
663,Arney,Support,1995
664,Erhard,Accounting,2012
665,Sada,Research and Development,2004
666,Shara,Marketing,2006
667,Adrienne,Training,1992
668,Moselle,Engineering,2009
669,Alfie,Product Management,1992
670,Ranice,Business Development,1999
671,Cloe,Human Resources,2002
672,Rozalie,Business Development,2004
673,Lainey,Legal,2013
674,Chery,Business Development,2005
675,Garwood,Product Management,1995
676,Spike,Engineering,2010
677,Audie,Business Development,2007
678,Bendick,Support,1995
679,Alane,Accounting,2008
680,Cameron,Accounting,1995
681,Genia,Research and Development,2011
682,Viva,Research and Development,2004
683,Amble,Services,2001
684,Rowney,Accounting,1993
685,Raymond,Services,2005
686,Goran,Training,1998
687,Ollie,Human Resources,2010
688,Katharina,Training,2001
689,Brianne,Research and Development,2012
690,Selia,Legal,1998
691,Amber,Marketing,1994
692,Kenton,Product Management,2008
693,Janeen,Product Management,2009
694,Binky,Accounting,1993
695,Burg,Legal,2010
696,Robbie,Product Management,2007
697,Virgie,Legal,1992
698,Myrna,Engineering,2011
699,Mason,Training,1998
700,Netta,Accounting,2010
701,Grange,Legal,2008
702,Alys,Marketing,2011
703,Buiron,Human Resources,1988
704,Corty,Support,2005
705,Kalinda,Research and Development,2006
706,Stearne,Research and Development,2011
707,Genny,Support,2003
708,Glenn,Training,2012
709,Elena,Legal,1996
710,Jarib,Human Resources,1986
711,Antons,Business Development,2001
712,Rachael,Training,1982
713,Mead,Marketing,1996
714,Stanleigh,Training,1996
715,Fransisco,Product Management,2004
716,Celesta,Human Resources,2003
717,Mitzi,Services,2003
718,Simeon,Engineering,1993
719,Ludwig,Services,2003
720,Wallie,Marketing,2008
721,Goddart,Legal,1990
722,Nettie,Engineering,1989
723,Nelia,Services,2000
724,Koralle,Sales,2011
725,Jessey,Product Management,1993
726,Elayne,Research and Development,1997
727,Zonda,Research and Development,2013
728,Annis,Training,1987
729,Syd,Marketing,1992
730,Jena,Training,2012
731,Albrecht,Research and Development,1998
732,Fredric,Services,2011
733,Lyndsey,Legal,1994
734,Fawnia,Human Resources,2001
735,Miles,Business Development,1989
736,Melly,Legal,2002
737,Ashia,Accounting,1998
738,Web,Legal,2004
739,Antoine,Accounting,1997
740,Vern,Legal,1985
741,Elna,Services,1989
742,Nancey,Accounting,2009
743,Nikolos,Human Resources,2003
744,Melloney,Engineering,1990
745,Yulma,Sales,2006
746,Lorin,Engineering,2004
747,Fax,Engineering,1987
748,Winn,Accounting,2000
749,Nata,Legal,1997
750,Romola,Sales,1999
751,Debor,Human Resources,1992
752,Corrie,Business Development,2006
753,Brien,Engineering,1998
754,Gerik,Business Development,1992
755,Roderich,Research and Development,2003
756,Brok,Legal,2006
757,Misha,Marketing,2004
758,Eric,Accounting,2012
759,Ingaberg,Legal,1996
760,Alfonso,Research and Development,1994
761,Leonard,Sales,1998
762,Elva,Training,1986
763,Sidonnie,Legal,1995
764,Corenda,Marketing,1993
765,Melany,Services,2002
766,Cyrill,Marketing,2005
767,Yanaton,Business Development,1984
768,Millicent,Accounting,2004
769,Jesus,Sales,1990
770,Alec,Sales,2003
771,Leeann,Support,1990
772,Fredelia,Services,1992
773,Belicia,Support,1997
774,Alexandr,Sales,1996
775,Carly,Product Management,2008
776,Ileana,Training,1994
777,Cindi,Training,2011
778,Che,Human Resources,2011
779,Zolly,Services,1994
780,Jaquelin,Accounting,2006
781,Marina,Research and Development,2004
782,Lydon,Research and Development,2005
783,Efrem,Marketing,2009
784,Skippie,Support,2001
785,Timofei,Training,1993
786,Vere,Marketing,1994
787,Guss,Engineering,2010
788,Lucien,Product Management,2000
789,Maryjane,Legal,1989
790,Loleta,Business Development,1995
791,Hildegarde,Support,1992
792,Colby,Research and Development,2009
793,Kissie,Support,1987
794,Mag,Support,2005
795,Phil,Human Resources,2006
796,Mada,Sales,1997
797,Ryley,Support,1995
798,Sharyl,Product Management,2009
799,Corrina,Engineering,2002
800,Jenn,Research and Development,2009
801,Phillida,Marketing,1989
802,Jania,Services,1988
803,Mariquilla,Product Management,2012
804,Jeniffer,Engineering,2006
805,Slade,Accounting,1992
806,Kirbee,Research and Development,1989
807,Braden,Accounting,1996
808,Kinny,Business Development,1984
809,Melania,Engineering,2007
810,Thorndike,Sales,1991
811,Suzann,Accounting,2011
812,Murial,Engineering,1998
813,Morgun,Human Resources,1998
814,Roddie,Research and Development,1999
815,Kim,Legal,2000
816,Nollie,Support,2011
817,Donavon,Sales,2008
818,Francesca,Research and Development,1996
819,Matthiew,Sales,2006
820,Con,Engineering,1978
821,Roanna,Business Development,1987
822,Ellswerth,Product Management,2001
823,Harcourt,Business Development,2008
824,Hayley,Accounting,1998
825,Kennedy,Engineering,2006
826,Holmes,Business Development,1961
827,Tove,Training,2003
828,Joane,Sales,2012
829,Rebecka,Support,2006
830,Chrissy,Support,2011
831,Barry,Services,2007
832,Ansel,Human Resources,1984
833,Ethelda,Accounting,2008
834,Ameline,Research and Development,2004
835,Kippy,Marketing,1992
836,Carina,Legal,2001
837,Salomo,Research and Development,2003
838,Abigale,Accounting,1993
839,Celestyna,Engineering,1988
840,Renie,Marketing,1988
841,Letizia,Training,1986
842,Derrik,Business Development,1992
843,Lynnet,Human Resources,2012
844,Chris,Research and Development,1995
845,Odelia,Accounting,2011
846,Moshe,Engineering,1999
847,Katherine,Marketing,2010
848,Antonie,Support,1997
849,Arabele,Services,2005
850,Leigh,Sales,2009
851,Vin,Training,2001
852,Penelope,Legal,2012
853,Gwynne,Research and Development,2002
854,Kenny,Sales,2003
855,Jessey,Engineering,2007
856,Karia,Research and Development,2010
857,Hetti,Engineering,1993
858,Warden,Services,1972
859,Thorsten,Product Management,1960
860,Tristam,Accounting,1994
861,Meg,Engineering,2012
862,Ludovika,Product Management,1996
863,Hube,Legal,1995
864,Cathlene,Business Development,2010
865,Mycah,Accounting,1961
866,Harrie,Accounting,2004
867,Moria,Services,1999
868,Silvan,Research and Development,2009
869,Alyosha,Marketing,2001
870,Nefen,Services,1998
871,Erena,Sales,1995
872,Susanna,Human Resources,1993
873,Korey,Marketing,1997
874,Melonie,Business Development,2005
875,Xenia,Human Resources,2012
876,Andriana,Product Management,1998
877,Ewen,Product Management,2008
878,Iormina,Business Development,2005
879,Caz,Services,2006
880,Gertrudis,Engineering,2006
881,Ara,Support,1990
882,Wynny,Research and Development,2008
883,Lalo,Product Management,1997
884,Ariel,Accounting,1994
885,Pansie,Product Management,1998
886,Angelina,Sales,2004
887,Cassius,Support,2006
888,Sherwin,Support,2009
889,Erek,Business Development,2006
890,Niel,Research and Development,2005
891,Dorella,Legal,2002
892,Edee,Business Development,2001
893,Lutero,Marketing,2012
894,Cobbie,Services,2009
895,Rafaelia,Marketing,1967
896,Gerri,Human Resources,2005
897,Gusti,Services,1993
898,Adam,Human Resources,1989
899,Chane,Sales,1992
900,Tades,Support,2001
901,Tandie,Accounting,2005
902,Evangelin,Training,2004
903,Dawn,Legal,1988
904,Cherye,Human Resources,2010
905,Tris,Human Resources,1993
906,Tabbitha,Engineering,2004
907,Deanna,Services,1994
908,Luis,Training,1994
909,Merle,Business Development,2013
910,Royce,Business Development,2008
911,Sue,Business Development,1996
912,Anthia,Legal,1994
913,Wat,Human Resources,2003
914,Joshuah,Legal,1991
915,Stanfield,Product Management,1995
916,Brigitta,Product Management,2011
917,Marco,Engineering,2006
918,Hans,Training,1993
919,Abbey,Marketing,2001
920,Eileen,Services,2007
921,Valma,Product Management,1965
922,Lonnard,Services,2006
923,Shawn,Legal,1996
924,Yancy,Human Resources,2006
925,Babbette,Human Resources,2005
926,Hilly,Services,2004
927,Latashia,Services,2006
928,Aldous,Product Management,2000
929,Kinna,Sales,1995
930,Mala,Business Development,2010
931,Dugald,Support,1989
932,Brocky,Human Resources,2000
933,Della,Engineering,1994
934,Elysee,Training,1989
935,Shawna,Engineering,2013
936,Remus,Services,2008
937,Kristos,Accounting,2000
938,Delphinia,Engineering,2006
939,Marla,Sales,2013
940,Gram,Services,2006
941,Selma,Product Management,2006
942,Fidole,Engineering,2003
943,Ange,Training,2011
944,Vale,Training,2007
945,Gaylord,Support,1986
946,Denise,Support,2005
947,Travus,Support,1984
948,Baillie,Marketing,1996
949,Alvin,Business Development,2003
950,Kipp,Marketing,2012
951,Evangelina,Marketing,1990
952,Christophorus,Sales,2010
953,Leupold,Legal,2011
954,Loise,Legal,2008
955,Hermina,Sales,1987
956,Jillian,Product Management,2008
957,Fernando,Support,1998
958,Cyrus,Human Resources,1990
959,Kelsey,Sales,2008
960,Ethel,Business Development,1989
961,Niels,Sales,1995
962,Tab,Product Management,2006
963,Waring,Business Development,1989
964,Joelly,Marketing,2011
965,Corney,Research and Development,1996
966,Cam,Product Management,1997
967,Florette,Research and Development,1994
968,Tess,Legal,1999
969,Junie,Engineering,2012
970,Gare,Human Resources,2006
971,Ainsley,Services,2010
972,Brook,Accounting,2007
973,Minetta,Sales,2003
974,Giovanna,Product Management,1993
975,Salomone,Services,1985
976,Marshal,Marketing,1993
977,Pepi,Product Management,2008
978,Derek,Services,2011
979,Bailey,Legal,2006
980,My,Product Management,2009
981,Colas,Research and Development,2012
982,Halimeda,Sales,2009
983,Brandice,Sales,2011
984,Kirby,Accounting,1997
985,Prue,Sales,2006
986,Grannie,Engineering,2002
987,Bunnie,Sales,2008
988,Myrtia,Research and Development,2008
989,Barry,Sales,1996
990,Brunhilda,Product Management,1990
991,Rockwell,Business Development,2000
992,Faustina,Business Development,1995
993,Phebe,Services,2004
994,Myrna,Services,2000
995,Lazare,Research and Development,1993
996,Stefano,Research and Development,2000
997,Rafaello,Product Management,2004
998,Taber,Support,2001
999,Guendolen,Human Resources,1999
1000,Brigid,Training,1996
1001,Konstanze,Research and Development,1996
1002,Geneva,Marketing,2004
1003,Bogey,Sales,2002
1004,Dewain,Support,2004
1005,Joanne,Services,1984
1006,Lilah,Research and Development,2013
1007,Horatius,Business Development,1988
1008,Karlens,Business Development,2001
1009,Tremaine,Marketing,2002
1010,Rosalyn,Sales,2008
1011,Jephthah,Research and Development,2001
1012,Carmencita,Marketing,2006
1013,Cyrille,Support,1992
1014,Maud,Accounting,2011
1015,Farah,Business Development,2002
1016,Chrissy,Business Development,1992
1017,Olivero,Product Management,2000
1018,Trumaine,Legal,2012
1019,Chaddy,Accounting,2005
1020,Inge,Accounting,2006
1021,Scarlett,Legal,2001
1022,Leonhard,Marketing,2005
1023,Kerk,Sales,1998
1024,Thea,Marketing,1998
1025,Orsa,Services,2005
1026,Reg,Accounting,2007
1027,Grove,Accounting,2005
1028,Morris,Sales,1999
1029,Cherise,Business Development,2008
1030,Fredric,Engineering,1998
1031,Ripley,Accounting,1997
1032,Sibel,Support,2011
1033,Arny,Services,1995
1034,Jessika,Support,1973
1035,Alphard,Sales,2003
1036,Haley,Support,2010
1037,Reidar,Sales,2010
1038,Annie,Business Development,1997
1039,Adrian,Marketing,1994
1040,Birgitta,Research and Development,2007
1041,Mureil,Support,2011
1042,Dewie,Research and Development,2004
1043,Trista,Sales,2010
1044,Muriel,Legal,2001
1045,Emlyn,Human Resources,2013
1046,Dorian,Legal,2005
1047,Brant,Services,1995
1048,Jereme,Business Development,2010
1049,Inessa,Services,1991
1050,Ardelis,Services,1985
1051,Talyah,Human Resources,1997
1052,Brendin,Sales,2010
1053,Iain,Business Development,1967
1054,Abby,Marketing,1995
1055,Lamond,Human Resources,1996
1056,Bail,Product Management,2008
1057,Letti,Legal,1992
1058,Suzi,Product Management,1992
1059,Giacinta,Legal,1997
1060,Joella,Training,2007
1061,Millie,Sales,2009
1062,Malanie,Legal,1999
1063,Belicia,Engineering,1991
1064,Gianni,Accounting,1998
1065,Eddie,Engineering,1961
1066,Jess,Support,2008
1067,Stacey,Sales,1986
1068,Regina,Product Management,2001
1069,Maurene,Business Development,2002
1070,Jareb,Legal,1984
1071,Avram,Business Development,2012
1072,Auguste,Services,2011
1073,Audry,Product Management,2009
1074,Hoebart,Services,1983
1075,Cornie,Research and Development,1992
1076,Cherie,Research and Development,2006
1077,Eberhard,Support,2001
1078,Demetris,Marketing,1993
1079,Umeko,Legal,1997
1080,Candis,Marketing,1999
1081,Barbette,Marketing,2009
1082,Hube,Services,1996
1083,Orland,Sales,1966
1084,Levi,Marketing,1991
1085,Aguie,Engineering,2001
1086,Gaspard,Sales,2011
1087,Brander,Support,1994
1088,Silvio,Research and Development,2010
1089,Huberto,Marketing,2006
1090,Courtenay,Business Development,2006
1091,Justus,Research and Development,2007
1092,Jenica,Support,2010
1093,Shelly,Training,2012
1094,Ruprecht,Research and Development,2009
1095,Wenda,Marketing,1999
1096,Noell,Sales,1964
1097,Pearl,Human Resources,1997
1098,Mari,Legal,1998
1099,Marya,Business Development,1990
1100,Teresa,Accounting,1992
1101,Essy,Support,1997
1102,Denny,Accounting,2009
1103,Shalna,Human Resources,2011
1104,Mel,Services,2004
1105,Abey,Legal,2003
1106,Shane,Training,1990
1107,Gerrie,Human Resources,1997
1108,Gwenneth,Product Management,2001
1109,Cacilie,Product Management,1963
1110,Stepha,Product Management,2011
1111,Rodrigo,Sales,1992
1112,Randi,Marketing,2007
1113,Gibb,Services,1994
1114,Munroe,Sales,1994
1115,Cissy,Product Management,2006
1116,Saxe,Sales,1993
1117,Jenda,Business Development,2000
1118,Sonnie,Support,2010
1119,Anjela,Services,2008
1120,Keane,Research and Development,2000
1121,Webb,Sales,2011
1122,Eolanda,Engineering,2012
1123,Bale,Sales,2008
1124,Ellsworth,Legal,1998
1125,Shaylyn,Training,1984
1126,Lawrence,Marketing,2011
1127,Suki,Product Management,1995
1128,Thorvald,Product Management,2011
1129,Demetris,Engineering,2006
1130,Drona,Human Resources,2007
1131,Lion,Product Management,2011
1132,Jeremiah,Sales,1960
1133,Darius,Sales,2010
1134,Hatti,Legal,1988
1135,Rafa,Sales,1998
1136,Pete,Legal,2008
1137,Genni,Accounting,1992
1138,Elias,Legal,2012
1139,Gayel,Research and Development,2006
1140,Bailie,Accounting,2002
1141,Mar,Business Development,1993
1142,Parry,Business Development,1995
1143,Carlota,Training,2002
1144,Miran,Support,2002
1145,Nevins,Sales,1995
1146,Caterina,Engineering,2009
1147,Keane,Human Resources,2004
1148,Teddy,Human Resources,1972
1149,Nessa,Training,2001
1150,Haley,Engineering,1993
1151,Gavrielle,Human Resources,1994
1152,Shepherd,Research and Development,1992
1153,Mord,Training,2007
1154,Rupert,Marketing,2005
1155,Maggee,Services,2004
1156,Tara,Sales,2000
1157,Artemus,Engineering,2007
1158,Gretchen,Marketing,1995
1159,Dniren,Training,1991
1160,Kirby,Services,1997
1161,Lexine,Sales,2011
1162,Caresse,Product Management,1991
1163,Jeniffer,Support,2002
1164,Kendre,Support,1996
1165,Brigitte,Product Management,2003
1166,Mikol,Legal,2008
1167,Ethelind,Sales,2006
1168,Nichole,Business Development,1993
1169,Dana,Services,1998
1170,Brittni,Accounting,1994
1171,Pascal,Support,2009
1172,Shannon,Accounting,2004
1173,Clemmy,Business Development,1996
1174,Saree,Business Development,2007
1175,Carmencita,Services,2000
1176,Vin,Support,1998
1177,Gregoor,Training,1991
1178,Ranice,Training,2002
1179,Nessa,Product Management,2001
1180,Rolf,Services,2004
1181,Nert,Accounting,2011
1182,Giovanni,Research and Development,2007
1183,Welsh,Engineering,2003
1184,Durward,Human Resources,2005
1185,Garnette,Legal,2011
1186,Rees,Training,2000
1187,Jonathan,Support,2004
1188,Sauveur,Engineering,1997
1189,Klara,Product Management,2008
1190,Andrea,Engineering,1990
1191,Celestia,Legal,2002
1192,Aksel,Training,2010
1193,Ailee,Product Management,2008
1194,Natalina,Product Management,1993
1195,Vaughn,Support,2009
1196,Benton,Business Development,2001
1197,Aron,Services,1994
1198,Cori,Support,2008
1199,Pauletta,Training,2005
1200,Bailie,Marketing,2008
1201,Risa,Marketing,2006
1202,Alikee,Services,1999
1203,Noell,Engineering,1994
1204,Susan,Human Resources,2009
1205,Mayne,Research and Development,2005
1206,Judah,Legal,1990
1207,Giff,Business Development,1997
1208,Myer,Legal,2007
1209,Nelly,Accounting,1992
1210,Niles,Support,2012
1211,Marjy,Engineering,2007
1212,Bartholomew,Product Management,1992
1213,Benn,Accounting,1996
1214,Aleda,Research and Development,1989
1215,Coralie,Human Resources,2002
1216,Brigid,Sales,1996
1217,Irv,Training,1993
1218,Alys,Business Development,2009
1219,Tandi,Accounting,1998
1220,Eran,Legal,2003
1221,Samuele,Legal,2000
1222,Blondell,Business Development,2000
1223,Casey,Accounting,1999
1224,Dasya,Business Development,1989
1225,Gustavus,Training,2002
1226,Elnora,Research and Development,1965
1227,Adolph,Support,1998
1228,Travus,Engineering,2005
1229,Betteanne,Research and Development,2007
1230,Conny,Legal,1996
1231,Guntar,Legal,1964
1232,Willetta,Training,2008
1233,Sibella,Support,1968
1234,Dewey,Engineering,1995
1235,Zenia,Support,1998
1236,Hughie,Legal,1993
1237,Adams,Sales,1999
1238,Otto,Services,1995
1239,Lilly,Legal,2002
1240,Dionysus,Research and Development,2003
1241,Eddy,Product Management,2000
1242,Elwin,Research and Development,1989
1243,Billye,Research and Development,2002
1244,Titus,Accounting,2005
1245,Velvet,Product Management,2010
1246,Jania,Marketing,1983
1247,Eduino,Marketing,2010
1248,Stern,Accounting,2012
1249,Reinwald,Marketing,1991
1250,Boy,Training,2000
1251,Riki,Training,2009
1252,Udall,Services,1987
1253,Paquito,Marketing,1961
1254,Dominic,Sales,2005
1255,Juieta,Training,1997
1256,Kelwin,Business Development,2010
1257,Ranee,Engineering,2007
1258,Gabbie,Training,1995
1259,Charmain,Training,2000
1260,Mildrid,Marketing,2008
1261,Anastassia,Services,2003
1262,Kiley,Product Management,2012
1263,Belinda,Business Development,2005
1264,Shaylynn,Human Resources,1991
1265,Britta,Support,1996
1266,Olivier,Sales,1999
1267,Karalee,Support,2000
1268,Irvin,Product Management,2008
1269,Bertine,Training,2002
1270,Edin,Sales,2010
1271,Arlinda,Engineering,2006
1272,Carmel,Research and Development,1993
1273,Griswold,Sales,2001
1274,Shepherd,Business Development,2012
1275,Jessalyn,Sales,2010
1276,Vanda,Legal,1995
1277,Waylen,Services,1986
1278,Gerianna,Product Management,2012
1279,Lanie,Training,2000
1280,Theda,Training,2003
1281,Ty,Human Resources,2009
1282,Chen,Support,2008
1283,Dulcinea,Training,1992
1284,Lizzie,Support,2007
1285,Rancell,Engineering,1996
1286,Carol-jean,Engineering,1976
1287,Keeley,Training,2008
1288,Idell,Business Development,2005
1289,Valentine,Accounting,2006
1290,Geri,Legal,1987
1291,Gabbie,Sales,1992
1292,Neal,Support,2012
1293,Skylar,Marketing,1993
1294,Melany,Business Development,1998
1295,Vinny,Marketing,2007
1296,Danya,Services,2000
1297,Cherilyn,Legal,1985
1298,Hort,Business Development,1995
1299,Ayn,Legal,1999
1300,Mikkel,Accounting,2008
1301,Biron,Business Development,2001
1302,Taryn,Sales,2005
1303,Conrad,Engineering,1990
1304,Lara,Product Management,1961
1305,Niels,Legal,2010
1306,Enos,Accounting,2009
1307,Olin,Services,1986
1308,Barbaraanne,Product Management,2012
1309,Corbett,Marketing,2009
1310,Sophey,Accounting,1993
1311,Nara,Support,2005
1312,Nanny,Sales,1996
1313,Jamaal,Sales,1998
1314,Roshelle,Legal,2002
1315,Ilsa,Training,1997
1316,Tybalt,Support,1992
1317,Lulita,Research and Development,1994
1318,Wittie,Sales,2008
1319,Flossi,Legal,2008
1320,Miran,Sales,2009
1321,Rory,Research and Development,1994
1322,Gradey,Support,2009
1323,Shirl,Research and Development,2009
1324,Junina,Business Development,1988
1325,Zandra,Research and Development,2004
1326,Jarvis,Accounting,1997
1327,Arabelle,Accounting,2000
1328,Roland,Sales,2006
1329,Carmine,Legal,2004
1330,Lorrie,Sales,2004
1331,Tawnya,Legal,2010
1332,Jonell,Accounting,1994
1333,Mord,Accounting,2011
1334,Elvin,Legal,2012
1335,Arnoldo,Training,1981
1336,Reynard,Engineering,2001
1337,Nataline,Accounting,1992
1338,Rianon,Legal,2003
1339,Briny,Sales,2002
1340,Alfonso,Human Resources,2011
1341,Melita,Legal,2001
1342,Barnard,Business Development,2004
1343,Sig,Product Management,2004
1344,Sydel,Business Development,2002
1345,Halley,Business Development,2002
1346,Malena,Training,2011
1347,Paulette,Marketing,1991
1348,Timothy,Legal,2003
1349,Naomi,Accounting,2009
1350,Trixi,Product Management,2003
1351,Deb,Legal,1965
1352,Loralee,Legal,1985
1353,Ree,Business Development,1998
1354,Zorine,Sales,2009
1355,Monty,Business Development,2010
1356,Cchaddie,Legal,2001
1357,Jillie,Services,1988
1358,Paule,Services,1989
1359,Cherye,Sales,1995
1360,Merrili,Support,2004
1361,Gaspar,Business Development,2003
1362,Eben,Sales,2012
1363,Jada,Support,1994
1364,Allen,Support,2007
1365,Abran,Engineering,1996
1366,Dido,Business Development,1989
1367,Pepito,Human Resources,2007
1368,Patrica,Sales,2010
1369,Nyssa,Legal,2009
1370,Tadd,Marketing,1998
1371,Brittany,Business Development,2007
1372,Allina,Business Development,2010
1373,Morley,Engineering,2005
1374,Alfonso,Engineering,2007
1375,Bentlee,Sales,1995
1376,Celestine,Services,1994
1377,Ardith,Legal,1993
1378,Sharyl,Accounting,2006
1379,Jan,Business Development,2012
1380,Clerc,Support,2006
1381,Amalita,Human Resources,2009
1382,Claiborn,Accounting,2012
1383,Barbette,Support,1996
1384,Skipper,Sales,1996
1385,Dierdre,Engineering,2008
1386,Moe,Sales,2012
1387,James,Human Resources,2006
1388,Jerad,Training,1988
1389,Tiffy,Product Management,2012
1390,Allianora,Product Management,2008
1391,Almira,Support,2004
1392,Winfred,Marketing,1992
1393,Wildon,Training,1995
1394,Dyanne,Support,2003
1395,Crystie,Human Resources,1986
1396,Grissel,Engineering,2012
1397,Allistir,Services,2012
1398,Gracia,Services,1995
1399,Chan,Human Resources,2010
1400,Boycie,Legal,2010
1401,Felicio,Marketing,2009
1402,Keenan,Training,1994
1403,Abran,Human Resources,1991
1404,Kellyann,Product Management,1995
1405,Rory,Support,2000
1406,Charin,Support,2007
1407,Othilia,Services,1994
1408,John,Sales,2004
1409,Chandler,Training,1996
1410,Corny,Sales,1999
1411,Adelina,Support,2009
1412,Tiffany,Human Resources,2008
1413,Luce,Engineering,1971
1414,Lynde,Support,1999
1415,Nickolaus,Training,1986
1416,Collen,Business Development,2000
1417,Margalit,Services,1995
1418,Abbie,Accounting,2011
1419,Alaine,Marketing,2009
1420,Arda,Support,2000
1421,Dame,Accounting,2006
1422,Anallese,Product Management,1994
1423,Elmore,Training,2013
1424,Maurita,Support,2005
1425,Birgit,Product Management,1992
1426,Frannie,Sales,2000
1427,Michael,Business Development,2000
1428,Gawain,Accounting,2003
1429,Ettore,Human Resources,2010
1430,Beckie,Sales,1991
1431,Sibilla,Legal,2012
1432,Anabel,Training,1997
1433,Ileana,Business Development,1994
1434,Barry,Engineering,2008
1435,Berte,Human Resources,2008
1436,Jolee,Services,1993
1437,Clare,Business Development,1993
1438,Teador,Business Development,1994
1439,Malory,Services,2003
1440,Clementina,Human Resources,1994
1441,Loretta,Human Resources,1998
1442,Ulric,Product Management,2003
1443,See,Support,2008
1444,Octavia,Product Management,1998
1445,Karlee,Training,1999
1446,Dodie,Human Resources,1994
1447,Konstantin,Marketing,1996
1448,Anstice,Sales,1998
1449,Way,Training,1993
1450,Correy,Sales,2007
1451,Weidar,Sales,1997
1452,Jeanna,Training,2007
1453,Martynne,Business Development,2004
1454,Valentine,Engineering,2006
1455,Lamond,Training,1972
1456,Valle,Human Resources,2010
1457,Ricardo,Business Development,1996
1458,Tadd,Legal,2008
1459,Anstice,Product Management,1998
1460,Shepherd,Legal,2011
1461,Padraig,Support,2009
1462,Orsola,Engineering,1993
1463,Rosella,Marketing,2010
1464,Isis,Accounting,2005
1465,Abner,Human Resources,2009
1466,Bruce,Marketing,1999
1467,Jeannine,Engineering,2000
1468,Berny,Support,1995
1469,Livia,Services,1997
1470,Yard,Sales,2007
1471,Birdie,Support,2007
1472,Camey,Business Development,1988
1473,Martin,Business Development,2006
1474,Sunny,Support,2004
1475,Corby,Accounting,2001
1476,Seymour,Engineering,1990
1477,Pierson,Business Development,1995
1478,Syd,Services,2008
1479,Ethan,Training,2005
1480,Benedetta,Legal,1994
1481,Huntington,Sales,1997
1482,Cyril,Research and Development,2007
1483,Oswald,Training,2002
1484,Wiatt,Legal,2012
1485,Lianne,Human Resources,1966
1486,Francklyn,Business Development,2012
1487,Amabel,Business Development,2005
1488,Franciskus,Services,1993
1489,Brit,Support,1992
1490,Felisha,Services,2010
1491,Benji,Sales,2000
1492,Betteanne,Engineering,1984
1493,Jenn,Training,1994
1494,Isaak,Engineering,1994
1495,Weber,Support,2006
1496,Geno,Accounting,2010
1497,Tracie,Business Development,1996
1498,Dode,Business Development,1989
1499,Mamie,Research and Development,1993
1500,Roseline,Business Development,2006
1501,Ulrica,Human Resources,2004
1502,Uri,Training,1993
1503,Willetta,Human Resources,1994
1504,Mitch,Support,1999
1505,Donaugh,Legal,2003
1506,Waldo,Human Resources,2012
1507,Gayler,Engineering,1994
1508,Edwina,Accounting,1994
1509,Hyacinthe,Business Development,1992
1510,Ailis,Business Development,1992
1511,Constancy,Legal,2007
1512,Nappy,Human Resources,1997
1513,Tina,Legal,1988
1514,Weston,Engineering,2009
1515,Jammie,Marketing,2003
1516,Kele,Accounting,1993
1517,Myrtie,Training,1994
1518,Odella,Product Management,2012
1519,Whittaker,Support,2007
1520,Joycelin,Research and Development,2007
1521,Wernher,Engineering,2006
1522,Andris,Training,1988
1523,Nealson,Services,2003
1524,Dav,Sales,2001
1525,Frankie,Support,2000
1526,Dorey,Marketing,1990
1527,Bing,Training,1989
1528,Adriane,Marketing,2004
1529,Ephraim,Legal,2005
1530,Skylar,Support,1993
1531,Filippo,Human Resources,1996
1532,Sybilla,Accounting,2013
1533,Dyane,Research and Development,1995
1534,Barbi,Engineering,2012
1535,Jori,Business Development,1998
1536,Donny,Marketing,2012
1537,Jobina,Research and Development,2002
1538,Gisela,Engineering,2003
1539,Eldredge,Sales,1994
1540,Colette,Human Resources,1999
1541,Farra,Accounting,1996
1542,Barn,Research and Development,1998
1543,Ignatius,Support,2003
1544,Elvis,Sales,2005
1545,Eadie,Services,2008
1546,Clevie,Legal,2010
1547,Ardelis,Engineering,2002
1548,Judith,Legal,1997
1549,Brigitta,Sales,1998
1550,Tiffie,Product Management,1996
1551,Beth,Product Management,1986
1552,Alyssa,Support,2009
1553,Dalenna,Support,1987
1554,Marian,Research and Development,2004
1555,Latisha,Support,1958
1556,Benito,Accounting,1999
1557,Bram,Human Resources,1993
1558,Adel,Engineering,1999
1559,Umeko,Business Development,2007
1560,Bevon,Engineering,2009
1561,Branden,Sales,2011
1562,Lilia,Services,2010
1563,Bambi,Engineering,1996
1564,Jessi,Product Management,2011
1565,Maggi,Product Management,2006
1566,Desdemona,Business Development,2010
1567,Barrett,Human Resources,1997
1568,Llewellyn,Business Development,2012
1569,Corette,Sales,2007
1570,Thorstein,Legal,1980
1571,Rakel,Support,2006
1572,Garwood,Services,1989
1573,Bobbee,Engineering,2010
1574,Reuben,Product Management,2011
1575,Marleen,Business Development,1993
1576,Fletcher,Support,2000
1577,Heloise,Human Resources,2001
1578,Yuri,Engineering,1984
1579,Ursula,Product Management,1993
1580,Pietro,Legal,2007
1581,Rriocard,Product Management,2005
1582,Neill,Legal,1987
1583,Sky,Business Development,2009
1584,Drusy,Marketing,2001
1585,Shep,Training,2009
1586,Claiborne,Research and Development,1992
1587,Cly,Accounting,1997
1588,Nathanial,Sales,1999
1589,Kerrill,Support,1994
1590,Eula,Training,1997
1591,Anabelle,Business Development,1996
1592,Daven,Engineering,2003
1593,Christy,Product Management,2000
1594,Jody,Business Development,2007
1595,Reidar,Sales,2008
1596,William,Sales,2000
1597,Glynda,Training,2010
1598,Natty,Engineering,2009
1599,Kaela,Support,2001
1600,Cherida,Legal,1992
1601,Bobinette,Services,1993
1602,Aurore,Marketing,1985
1603,Byron,Marketing,1989
1604,Kennett,Training,1990
1605,Paddy,Human Resources,2000
1606,Joya,Human Resources,2002
1607,Tuck,Research and Development,1992
1608,Lamont,Services,1981
1609,Rich,Marketing,2004
1610,Sigfrid,Product Management,2010
1611,Rochette,Sales,1993
1612,Wilmar,Research and Development,1984
1613,Ave,Product Management,1957
1614,Hymie,Research and Development,1997
1615,Cherilynn,Support,2009
1616,Merrill,Legal,2003
1617,Galven,Support,2012
1618,Kelly,Sales,2000
1619,Bartie,Human Resources,1992
1620,Killy,Legal,2008
1621,Quent,Services,1997
1622,Demott,Accounting,2009
1623,Oberon,Accounting,1994
1624,Lionel,Sales,2007
1625,Kerr,Sales,1987
1626,Diann,Sales,1994
1627,Damita,Support,1999
1628,Adi,Human Resources,1994
1629,Barton,Legal,2010
1630,Almire,Support,2003
1631,Jonathan,Marketing,1995
1632,Germain,Legal,2001
1633,Bary,Legal,1996
1634,Stace,Business Development,1997
1635,Bendite,Legal,1997
1636,Allard,Research and Development,2008
1637,Hershel,Sales,2010
1638,Cleon,Business Development,2008
1639,Perri,Accounting,1994
1640,Broddy,Training,1990
1641,Bea,Business Development,2003
1642,Dermot,Marketing,2010
1643,Kippy,Services,2005
1644,Lilah,Support,2000
1645,Tabby,Business Development,2008
1646,Dionisio,Marketing,2012
1647,Bartholemy,Training,1992
1648,Fredrick,Business Development,2009
1649,Herold,Services,1989
1650,Tabbitha,Legal,2004
1651,Cesar,Product Management,2012
1652,Drusilla,Services,2009
1653,Earle,Marketing,2001
1654,Corbet,Human Resources,1992
1655,Cort,Business Development,2011
1656,Ottilie,Training,1999
1657,Elijah,Legal,1992
1658,Cornela,Services,2006
1659,Carmela,Legal,1997
1660,Enriqueta,Research and Development,2010
1661,Winston,Research and Development,1989
1662,Antonia,Sales,2003
1663,Pippo,Human Resources,1997
1664,Kacie,Legal,2003
1665,Riley,Human Resources,2004
1666,Sigismond,Legal,2007
1667,Christye,Product Management,1988
1668,Ugo,Marketing,1993
1669,Leanora,Human Resources,2012
1670,Derril,Research and Development,2007
1671,Kellsie,Support,2013
1672,Clemmy,Sales,2004
1673,Aluin,Business Development,1992
1674,Koral,Engineering,2003
1675,Davy,Research and Development,2009
1676,Dorree,Product Management,2005
1677,Salvador,Sales,2002
1678,Ryann,Training,1991
1679,Dar,Human Resources,1989
1680,Maury,Support,2005
1681,Celia,Marketing,2000
1682,Madella,Engineering,2006
1683,Karisa,Engineering,2010
1684,Maridel,Legal,1984
1685,Herbert,Training,1995
1686,Karon,Legal,2000
1687,Patrizio,Services,2004
1688,Marje,Sales,2009
1689,Flory,Research and Development,1998
1690,Sammy,Accounting,1999
1691,Clarice,Training,1994
1692,Barn,Business Development,2001
1693,Aurelie,Human Resources,1998
1694,Lenora,Support,2008
1695,Donavon,Sales,2007
1696,Lorie,Legal,1996
1697,Oralla,Support,1986
1698,Sandy,Training,2002
1699,Helena,Services,1998
1700,Lorene,Business Development,2007
1701,Damiano,Support,2007
1702,Sarah,Services,1995
1703,Marty,Accounting,1986
1704,Daron,Support,2004
1705,Ansley,Legal,2002
1706,Camala,Accounting,1999
1707,Patrizia,Engineering,2009
1708,Lawton,Product Management,1996
1709,Elbertina,Sales,1997
1710,Shelley,Training,2006
1711,Augusto,Sales,2012
1712,Ricoriki,Business Development,2002
1713,Raphael,Human Resources,1997
1714,Madelaine,Product Management,1995
1715,Aprilette,Product Management,1995
1716,Thornie,Business Development,1996
1717,Derk,Legal,1989
1718,Ronalda,Engineering,2007
1719,Dag,Legal,1986
1720,Richart,Engineering,2012
1721,Heda,Services,2005
1722,Bonita,Training,2000
1723,Denys,Sales,1997
1724,Nathaniel,Marketing,2011
1725,Alvin,Sales,2011
1726,Gerek,Business Development,2006
1727,Tris,Legal,2003
1728,Clayton,Product Management,1987
1729,Tandie,Accounting,2010
1730,Maisey,Services,2002
1731,Kial,Human Resources,1996
1732,Wit,Marketing,1998
1733,Evangelin,Sales,2003
1734,Jo-anne,Sales,2012
1735,Jen,Legal,1996
1736,Elnore,Sales,1992
1737,Dietrich,Sales,2009
1738,Nonie,Product Management,1992
1739,Georgina,Business Development,2012
1740,Jemmie,Research and Development,2008
1741,Candra,Engineering,1998
1742,Welsh,Training,1993
1743,Thatcher,Accounting,1995
1744,Pepito,Accounting,1997
1745,Rahal,Accounting,1994
1746,Isabella,Sales,2011
1747,Der,Product Management,2012
1748,Claudie,Human Resources,1997
1749,Stormie,Business Development,2010
1750,Fredek,Product Management,1973
1751,Karena,Marketing,2011
1752,Karlen,Training,2009
1753,Shaun,Services,2004
1754,Maridel,Human Resources,2002
1755,Sarina,Marketing,2002
1756,Colin,Product Management,2012
1757,Shelly,Product Management,1998
1758,Rutger,Human Resources,2009
1759,Chris,Services,2002
1760,Cory,Product Management,2008
1761,Henryetta,Accounting,1999
1762,Danyelle,Marketing,2011
1763,Conrade,Human Resources,2005
1764,Michaella,Accounting,2005
1765,Jeno,Marketing,1995
1766,Jannel,Research and Development,1985
1767,Orland,Research and Development,2001
1768,Mack,Accounting,2005
1769,Celinda,Training,1997
1770,Remus,Legal,1998
1771,Lauritz,Research and Development,2003
1772,Claudie,Marketing,1992
1773,Joscelin,Engineering,1993
1774,Margi,Sales,2010
1775,Park,Human Resources,2003
1776,Allan,Accounting,1999
1777,Asher,Sales,2001
1778,Manya,Marketing,1991
1779,Corabelle,Support,2004
1780,Rik,Services,2012
1781,Agnese,Business Development,2000
1782,Kore,Business Development,2005
1783,Lazarus,Services,1992
1784,Othilie,Legal,1997
1785,Cecilla,Human Resources,1987
1786,Krysta,Marketing,2010
1787,Aubert,Accounting,2001
1788,Merola,Engineering,2001
1789,Malinde,Sales,1990
1790,Gale,Services,2009
1791,Esta,Legal,1987
1792,Kalil,Research and Development,2000
1793,Earlie,Accounting,1995
1794,Martita,Sales,1990
1795,Hyatt,Support,1987
1796,Uriah,Marketing,1992
1797,Berthe,Sales,2011
1798,Vaughn,Research and Development,1992
1799,Ewan,Sales,2001
1800,Verina,Accounting,2002
1801,Holmes,Business Development,2006
1802,Lyn,Product Management,1992
1803,Sergei,Support,2013
1804,Raye,Marketing,2008
1805,Kaila,Business Development,2001
1806,Clare,Accounting,2000
1807,Niven,Human Resources,1968
1808,Clary,Engineering,2003
1809,Katti,Legal,2010
1810,Allsun,Business Development,2008
1811,Angeli,Accounting,2011
1812,Konstantin,Sales,2012
1813,Stevie,Research and Development,2012
1814,Janot,Support,2000
1815,Zachery,Human Resources,2007
1816,Malia,Business Development,2012
1817,Dirk,Business Development,2006
1818,Theressa,Support,2005
1819,Guilbert,Sales,1999
1820,Manny,Business Development,2001
1821,Tom,Training,2004
1822,Rachele,Business Development,2003
1823,Sibylle,Research and Development,1992
1824,Beale,Research and Development,2002
1825,Cordelie,Product Management,2006
1826,Rollie,Human Resources,2012
1827,Adrien,Accounting,1998
1828,Leroi,Support,1996
1829,Umeko,Engineering,1983
1830,Melly,Engineering,2001
1831,Bernetta,Support,1974
1832,Tore,Legal,2005
1833,Jere,Business Development,1986
1834,Vi,Business Development,1997
1835,Noam,Business Development,1997
1836,Juana,Business Development,1994
1837,Drugi,Marketing,1992
1838,Clementine,Accounting,2002
1839,Daron,Services,1992
1840,Enrica,Sales,2006
1841,Agata,Engineering,1996
1842,Colas,Support,2012
1843,Halsy,Research and Development,2013
1844,Florencia,Human Resources,2000
1845,Gladys,Accounting,2009
1846,Karlie,Business Development,1999
1847,Nathalie,Research and Development,2005
1848,Silvain,Business Development,2008
1849,Becka,Engineering,1999
1850,Chris,Services,2000
1851,Brandea,Marketing,1993
1852,Ursulina,Marketing,1992
1853,Sheba,Accounting,2012
1854,Min,Marketing,1996
1855,Rhoda,Marketing,1998
1856,Sissy,Support,2002
1857,Stan,Research and Development,2004
1858,Gaile,Business Development,2006
1859,Antony,Product Management,1987
1860,Vaughn,Legal,2010
1861,Moshe,Services,1992
1862,Roxi,Research and Development,2010
1863,Jeremy,Accounting,1999
1864,Ramona,Engineering,2005
1865,Lorrayne,Product Management,2010
1866,Jeremias,Human Resources,1998
1867,Janene,Sales,2010
1868,Anet,Support,2012
1869,Willie,Support,2011
1870,Corry,Research and Development,1987
1871,Fayette,Support,2005
1872,Celestina,Accounting,2002
1873,Neel,Legal,1997
1874,Duane,Engineering,1993
1875,Konstantine,Marketing,2005
1876,Noellyn,Training,1966
1877,Erena,Services,2011
1878,Lucias,Product Management,2009
1879,Karleen,Research and Development,1991
1880,Vivianne,Legal,1999
1881,Garek,Sales,2002
1882,Skippy,Business Development,1990
1883,Joyan,Legal,2009
1884,Sterling,Legal,1993
1885,Maribel,Human Resources,1989
1886,Augie,Research and Development,2011
1887,Dallas,Services,1995
1888,Kristy,Marketing,2013
1889,Keenan,Services,2011
1890,Bancroft,Marketing,1995
1891,Sherwynd,Support,1985
1892,Jodie,Training,2006
1893,Jacklin,Training,2002
1894,Dianna,Business Development,2007
1895,Jori,Sales,1999
1896,Algernon,Human Resources,1997
1897,Meryl,Services,2004
1898,Thurstan,Business Development,2001
1899,Minerva,Research and Development,1989
1900,Ly,Accounting,1991
1901,Meg,Legal,2009
1902,Emmye,Research and Development,2008
1903,Carlotta,Marketing,2004
1904,Faina,Marketing,1995
1905,Gael,Accounting,2002
1906,Lawry,Accounting,2005
1907,Tiffie,Legal,2012
1908,Emmett,Research and Development,2006
1909,Tory,Human Resources,1978
1910,Melisande,Legal,1963
1911,Rica,Business Development,2011
1912,Davina,Product Management,2009
1913,Cherry,Sales,2000
1914,Cosmo,Legal,2007
1915,Read,Business Development,1985
1916,Etta,Marketing,1994
1917,Arlette,Business Development,2005
1918,Chip,Product Management,1996
1919,Lauritz,Services,2001
1920,Dorena,Training,2009
1921,Deloris,Training,1992
1922,Boothe,Training,2001
1923,Phylys,Training,1991
1924,Neely,Sales,1996
1925,Noby,Sales,2011
1926,Humbert,Product Management,2007
1927,Enoch,Accounting,2006
1928,Lucina,Legal,2000
1929,Sheelah,Training,2002
1930,Dayna,Marketing,1998
1931,Elisha,Research and Development,2002
1932,Teodoor,Services,2004
1933,Dennie,Legal,1987
1934,Nicol,Research and Development,2013
1935,Cory,Engineering,1989
1936,Jory,Training,1998
1937,Chad,Accounting,2012
1938,Roxanna,Accounting,2004
1939,Hamel,Training,2008
1940,Randell,Human Resources,2001
1941,Brynna,Sales,2012
1942,Anitra,Product Management,1996
1943,Jessamine,Sales,2005
1944,Ludovika,Research and Development,1995
1945,Mischa,Training,1992
1946,Jacintha,Sales,1984
1947,Tobe,Legal,2012
1948,Ephrem,Engineering,2009
1949,Zola,Legal,2005
1950,Riordan,Engineering,1988
1951,Ariela,Training,2008
1952,Adorne,Research and Development,1999
1953,Bail,Human Resources,2009
1954,Allie,Legal,2008
1955,Danit,Engineering,1996
1956,Ellissa,Human Resources,1991
1957,Fara,Research and Development,1994
1958,Douglass,Legal,2000
1959,Gallagher,Sales,2003
1960,Kit,Services,2003
1961,Joletta,Business Development,1998
1962,Mile,Sales,2010
1963,Gipsy,Product Management,1986
1964,Dianna,Legal,1996
1965,Andriette,Training,2002
1966,Guillema,Product Management,1992
1967,Enrika,Services,2011
1968,Gavin,Research and Development,2011
1969,Nevsa,Support,2012
1970,Neala,Business Development,2005
1971,Gardener,Training,1998
1972,Harri,Engineering,2000
1973,Tiertza,Services,1998
1974,Alfie,Marketing,1997
1975,Sigfrid,Research and Development,2007
1976,Carleton,Legal,1997
1977,Tanhya,Human Resources,2005
1978,Raychel,Human Resources,1997
1979,Rowen,Sales,2004
1980,Leeland,Business Development,1993
1981,Carol-jean,Business Development,2007
1982,Isaak,Services,1994
1983,Rafe,Legal,1991
1984,Helena,Product Management,1996
1985,Billy,Marketing,2008
1986,Anthia,Marketing,1999
1987,Nomi,Support,1995
1988,Flint,Research and Development,1989
1989,Wye,Legal,2010
1990,Koren,Human Resources,2001
1991,Angeli,Marketing,2002
1992,Eddy,Business Development,1992
1993,Hollyanne,Training,1996
1994,Goldina,Services,1992
1995,Armin,Product Management,2004
1996,Jolee,Engineering,1992
1997,Inez,Sales,2006
1998,Jody,Product Management,2003
1999,Anne-corinne,Support,1993
2000,Giles,Accounting,2007
